{"stats":{"minecraft:used":{"iceandfire:lectern":1,"iceandfire:tide_trident":136,"minecraft:flint_and_steel":1,"minecraft:chest":2,"minecraft:shield":32,"minecraft:iron_sword":285,"minecraft:iron_chestplate":1,"minecraft:dirt":4,"minecraft:granite":4,"minecraft:obsidian":10,"minecraft:wooden_axe":63,"minecraft:iron_axe":105,"delightful:green_tea_leaf":1,"minecraft:magma_block":2,"minecraft:furnace":1,"tombstone:gift":6,"minecraft:golden_axe":16,"minecraft:iron_leggings":1,"farmersdelight:iron_knife":11,"minecraft:water_bucket":10,"minecraft:diorite":1,"minecraft:mangrove_planks":31,"minecraft:oak_planks":11,"minecraft:wooden_pickaxe":28,"minecraft:leather_chestplate":1,"biomesoplenty:fir_planks":84,"iceandfire:dragon_skull_lightning":1,"minecraft:diamond_axe":39,"minecraft:crafting_table":5,"minecraft:mushroom_stew":1,"minecraft:crossbow":7,"minecraft:shears":15,"minecraft:bread":114,"minecraft:iron_pickaxe":61,"minecraft:cobblestone":35,"travelersbackpack:standard":4,"minecraft:smithing_table":1,"minecraft:bucket":11,"minecraft:yellow_bed":10,"minecraft:wither_rose":1},"minecraft:dropped":{"minecraft:iron_sword":1,"minecraft:porkchop":3,"minecraft:wheat_seeds":11,"delightful:green_tea_leaf":3,"minecraft:mangrove_planks":31,"iceandfire:sea_serpent_scales_green":3,"minecraft:leather_helmet":1,"minecraft:emerald":2,"minecraft:coal":2,"minecraft:stick":9,"biomesoplenty:fir_sapling":32,"illagerinvasion:platinum_chunk":1,"mca:book_romance":1,"iceandfire:copper_nugget":60,"minecraft:mutton":12,"minecraft:iron_leggings":1,"minecraft:stripped_dark_oak_wood":1,"iceandfire:dragonscales_red":62,"tombstone:grave_dust":4,"minecraft:potion":1,"delightful:acorn":1,"minecraft:wither_rose":2,"iceandfire:ash":9,"regions_unexplored:silver_birch_leaf_pile":6,"minecraft:paper":14,"minecraft:string":1,"minecraft:tripwire_hook":1,"minecraft:white_wool":1,"minecraft:spruce_sapling":5,"minecraft:bone":12,"iceandfire:dragonbone":3,"minecraft:cyan_carpet":1,"minecraft:gravel":1,"alexsmobs:maggot":1,"alexscaves:cave_tablet":7,"alexsmobs:animal_dictionary":1,"minecraft:cobbled_deepslate":2,"minecraft:tuff":4,"minecraft:bowl":1,"tombstone:gift":1,"minecraft:oak_planks":1,"minecraft:rotten_flesh":11,"minecraft:iron_boots":3,"minecraft:beehive":1,"minecraft:ender_eye":1,"iceandfire:crackled_gravel":1,"minecraft:shears":1,"crittersandcompanions:silk":5,"minecraft:rabbit_hide":2,"minecraft:hay_block":3,"biomesoplenty:fir_planks":40,"minecraft:iron_chestplate":1,"minecraft:bamboo":2,"minecraft:arrow":7,"minecraft:bow":1,"minecraft:spruce_log":18,"minecraft:red_nether_bricks":1,"minecraft:beef":23,"minecraft:wooden_pickaxe":1,"delightful:animal_fat":8,"iceandfire:sea_serpent_fang":4,"minecraft:calcite":6,"chococraft:gysahl_green":4,"minecraft:black_wool":3,"iceandfire:manuscript":1,"minecraft:enchanted_book":1},"minecraft:picked_up":{"iceandfire:dragon_skull_lightning":3,"minecraft:crafting_table":1,"illagerinvasion:platinum_chunk":3,"minecraft:wither_rose":3,"minecraft:gold_block":1,"minecraft:string":1,"minecraft:red_nether_bricks":1,"dungeonnowloading:spawner_fragment":15,"minecraft:cyan_carpet":1,"iceandfire:sea_serpent_scales_bronze":3,"minecraft:gold_nugget":1169,"minecraft:cobbled_deepslate":2,"biomesoplenty:fir_planks":70,"delightful:acorn":1,"minecraft:beef":23,"minecraft:player_head":1,"minecraft:calcite":6,"minecraft:coal_block":8,"delightful:green_tea_leaf":4,"minecraft:furnace":3,"iceandfire:dragonscales_red":100,"minecraft:iron_boots":1,"iceandfire:ice_dragon_heart":1,"minecraft:beehive":1,"minecraft:stick":29,"iceandfire:dragonbone":74,"minecraft:stripped_mangrove_wood":12,"regions_unexplored:silver_birch_leaf_pile":6,"minecraft:bowl":1,"minecraft:torch":5,"iceandfire:dragonscales_white":11,"minecraft:porkchop":3,"iceandfire:lightning_dragon_flesh":1,"iceandfire:crackled_gravel":1,"tombstone:grave_dust":8,"minecraft:diorite":1,"alexsmobs:crocodile_scute":1,"mutantmonsters:creeper_shard":1,"iceandfire:dragon_skull_ice":1,"minecraft:arrow":17,"minecraft:rotten_flesh":14,"minecraft:shears":1,"minecraft:hay_block":92,"crittersandcompanions:silk":5,"iceandfire:fire_dragon_heart":4,"minecraft:stripped_dark_oak_wood":1,"minecraft:mutton":3,"minecraft:cobblestone":61,"minecraft:white_wool":18,"iceandfire:dragonscales_black":14,"minecraft:magma_block":2,"iceandfire:sea_serpent_fang":13,"minecraft:tripwire_hook":1,"delightful:animal_fat":8,"minecraft:leather":17,"biomesoplenty:fir_sapling":32,"biomesoplenty:fir_log":117,"paraglider:spirit_orb":6,"minecraft:mushroom_stew":1,"minecraft:tuff":4,"minecraft:oak_log":6,"minecraft:yellow_bed":11,"artifacts:flame_pendant":1,"minecraft:dirt":4,"iceandfire:dragonscales_bronze":49,"tombstone:gift":3,"biomesoplenty:glowing_moss_carpet":2,"chococraft:chocobo_feather":1,"minecraft:bone":12,"chococraft:gysahl_green":12,"iceandfire:pixie_jar_empty":1,"minecraft:bow":2,"minecraft:wheat_seeds":11,"minecraft:rabbit_hide":2,"minecraft:bamboo":2,"minecraft:mangrove_planks":30,"minecraft:iron_sword":1,"minecraft:oak_planks":2,"iceandfire:dragonscales_amythest":28,"minecraft:book":30,"iceandfire:copper_nugget":60,"iceandfire:sea_serpent_scales_green":10,"iceandfire:ash":9,"minecraft:gravel":1,"iceandfire:dragon_skull_fire":3,"minecraft:sand":36,"minecraft:spruce_sapling":3,"chococraft:gysahl_green_seeds":4,"minecraft:blast_furnace":4,"iceandfire:lightning_dragon_heart":1,"minecraft:spruce_log":13,"minecraft:leather_helmet":1,"minecraft:bundle":2,"minecraft:diamond":4,"iceandfire:lectern":1,"minecraft:granite":4,"minecraft:birch_sign":1,"iceandfire:ice_dragon_flesh":7,"minecraft:emerald":7,"alexsmobs:maggot":1,"minecraft:damaged_anvil":1,"minecraft:black_wool":4,"minecraft:coal":2},"minecraft:mined":{"minecraft:dark_oak_planks":1,"minecraft:deepslate_diamond_ore":4,"iceandfire:copper_pile":2,"minecraft:red_nether_bricks":1,"minecraft:spruce_trapdoor":1,"minecraft:granite":4,"minecraft:grass_block":1,"iceandfire:lectern":1,"minecraft:coal_block":8,"biomesoplenty:dead_grass":1,"minecraft:spawner":3,"minecraft:hay_block":92,"minecraft:magma_block":2,"minecraft:furnace":3,"minecraft:fire":4,"minecraft:andesite":2,"treechop:chopped_log":2,"minecraft:stripped_dark_oak_wood":2,"minecraft:gold_block":1,"chococraft:gysahl_green":4,"minecraft:bookshelf":10,"iceandfire:gold_pile":129,"crittersandcompanions:silk_cocoon":1,"regions_unexplored:medium_grass":1,"minecraft:stripped_mangrove_wood":12,"minecraft:stone":39,"minecraft:player_head":1,"minecraft:white_wool":15,"iceandfire:pixie_jar_empty":1,"regions_unexplored:silver_birch_leaf_pile":2,"minecraft:stripped_dark_oak_log":1,"minecraft:crafting_table":1,"minecraft:blast_furnace":4,"minecraft:calcite":6,"minecraft:tall_grass":3,"minecraft:oak_planks":2,"minecraft:damaged_anvil":1,"minecraft:diorite":3,"minecraft:black_stained_glass":1,"minecraft:dark_oak_slab":1,"biomesoplenty:glowworm_silk_strand":1,"minecraft:beehive":1,"minecraft:mangrove_planks":2,"biomesoplenty:fir_log":2,"minecraft:yellow_bed":10,"minecraft:wither_rose":3,"minecraft:grass":16,"minecraft:gravel":1,"minecraft:sand":36,"minecraft:dirt":3,"minecraft:gray_carpet":1,"minecraft:cobweb":1,"minecraft:tripwire_hook":1,"minecraft:deepslate":2},"minecraft:broken":{"minecraft:leather_chestplate":1,"minecraft:golden_axe":1,"minecraft:wooden_axe":1},"minecraft:custom":{"minecraft:interact_with_smithing_table":4,"minecraft:mob_kills":89,"minecraft:interact_with_crafting_table":31,"minecraft:open_barrel":48,"minecraft:eat_cake_slice":3,"minecraft:leave_game":8,"minecraft:time_since_death":34060,"minecraft:climb_one_cm":8135,"minecraft:sprint_one_cm":501289,"minecraft:walk_one_cm":422470,"minecraft:damage_blocked_by_shield":640,"minecraft:drop":109,"minecraft:play_time":235037,"minecraft:deaths":14,"minecraft:sneak_time":3480,"minecraft:walk_under_water_one_cm":29015,"minecraft:jump":5232,"minecraft:interact_with_blast_furnace":3,"minecraft:walk_on_water_one_cm":44185,"minecraft:total_world_time":235037,"minecraft:interact_with_furnace":19,"tombstone:raider_killed":8,"minecraft:interact_with_loom":5,"minecraft:sleep_in_bed":12,"minecraft:time_since_rest":12713,"minecraft:damage_taken":9565,"minecraft:damage_dealt":34728,"minecraft:swim_one_cm":134191,"minecraft:fly_one_cm":1229060,"minecraft:open_chest":129,"minecraft:crouch_one_cm":5464,"tombstone:undead_killed":47,"minecraft:fall_one_cm":169689,"minecraft:horse_one_cm":5987},"minecraft:crafted":{"minecraft:oak_planks":24,"minecraft:coal":72,"travelersbackpack:crafting_upgrade":1,"minecraft:furnace":1,"travelersbackpack:blank_upgrade":4,"travelersbackpack:gold_tier_upgrade":1,"minecraft:glass":36,"travelersbackpack:white_sleeping_bag":1,"minecraft:iron_axe":1,"tombstone:grave_key":1,"iceandfire:armor_red_leggings":1,"minecraft:chest":5,"iceandfire:armor_red_boots":1,"minecraft:wheat":279,"travelersbackpack:iron_tier_upgrade":1,"minecraft:crafting_table":5,"farmersdelight:iron_knife":1,"travelersbackpack:backpack_tank":6,"travelersbackpack:standard":1,"minecraft:wooden_pickaxe":1,"iceandfire:tide_trident":1,"minecraft:iron_sword":1,"iceandfire:armor_red_chestplate":1,"minecraft:smithing_table":1,"minecraft:mangrove_planks":48,"minecraft:bread":93,"minecraft:air":0,"biomesoplenty:fir_planks":152,"iceandfire:tide_green_helmet":1,"iceandfire:armor_red_helmet":1,"minecraft:shield":1,"minecraft:stick":12,"minecraft:wooden_axe":1,"minecraft:gold_ingot":141,"minecraft:shears":2},"minecraft:killed":{"mca:male_zombie_villager":1,"alexsmobs:raccoon":1,"minecraft:vindicator":1,"minecraft:spider":1,"illagerinvasion:marauder":1,"creeperoverhaul:bamboo_creeper":1,"minecraft:skeleton":19,"iceandfire:fire_dragon":2,"alexsmobs:bison":1,"artifacts:mimic":1,"minecraft:husk":6,"iceandfire:cyclops":1,"iceandfire:troll":1,"minecraft:sheep":2,"minecraft:pillager":6,"alexsmobs:crocodile":1,"minecraft:zombie":21,"alexsmobs:fly":1,"iceandfire:lightning_dragon":2,"mutantmonsters:mutant_creeper":1,"iceandfire:sea_serpent":2,"minecraft:cow":11}},"DataVersion":3465}